"","Cow","lay","lay1"
"1",215,160.966666666667,26.8277777777778
"2",248,198.733333333333,33.1222222222222
"3",259,171.433333333333,28.5722222222222
