"","Cow","lay","lay1"
"1",215,259.966666666667,43.3277777777778
"2",248,312.366666666667,52.0611111111111
"3",259,277.3,46.2166666666667
